n,buscar un arreglo,buscar dos arreglos,verificar elemento comun,verificar duplicados
10,3.0994415283203125e-06,2.6226043701171875e-06,1.1920928955078125e-06,5.9604644775390625e-06
100,4.0531158447265625e-06,7.152557373046875e-06,4.76837158203125e-07,7.62939453125e-06
1000,3.814697265625e-06,2.86102294921875e-06,4.76837158203125e-07,1.6689300537109375e-06
10000,2.6226043701171875e-06,2.1457672119140625e-06,9.5367431640625e-07,5.7220458984375e-06
1000000,4.0531158447265625e-06,3.5762786865234375e-06,4.76837158203125e-07,4.291534423828125e-06
